{
    "name": "SwinTransformer_RD_Shift",
    "seed":3,
    "data_mode":"Custom_RD",
    "model": {
        "depths": [2,2,6,2],
        "channels": [32,40,48,56],
        "patch_size": 2,
        "in_chans": 32,
        "embed_dim": 48,
        "drop_rates": [0.0,0.0,0.0],
        "num_heads": [3,6,12,24],
        "DetectionHead": "True",
        "SegmentationHead": "True"
    },
    "dataset": {
        "root_dir": "C:\\Users\\James-PC\\James\\data\\RADIal",
        "geometry":{
            "ranges": [512,896,1],
            "resolution": [0.201171875,0.2],
            "size": 3
        },
        "statistics":{
            "input_mean":[-2.62437651e-03, -2.13345470e-01,  1.87890028e-02, -1.44272549e+00,
               -3.76185047e-01,  1.35935890e+00, -2.29865852e-01,  1.22432935e-01,
                1.73593029e+00, -6.53456097e-01,  3.79762385e-01,  5.55212892e+00,
                7.74623837e-01, -1.55886042e+00, -7.24735683e-01,  1.51824262e+00,
               -3.71890112e-01, -8.83323401e-02, -1.61938504e-01,  1.09838836e+00,
                9.99290420e-01, -1.04952120e+00,  1.99716390e+00,  9.28686109e-01,
                1.89906800e+00, -2.37724935e-01,  1.99996778e+00,  7.77374669e-01,
                1.32391419e+00,  1.18174904e+00, -6.96956490e-01,  4.42879647e-01],
            "input_std":[20775.32866954, 23085.38586781, 23017.53041219, 14548.55197203,
                 32133.36398373, 28838.72008902, 27195.74436859, 33103.59882674,
                 32181.40955515, 35022.0350309,  31259.08457192, 36684.42768439,
                 33552.77541718, 25958.69536146, 29532.48663633, 32646.76200793,
                 20728.21451047, 23160.77110769, 23068.97650426, 14915.83084849,
                 32149.49991635, 28958.47224165, 27210.72879388, 33005.5213712,
                 31905.82548318, 35124.76263393, 31258.3364471,  31085.84958294,
                 33628.4113574,  25950.13585943, 29445.21585193, 32885.56853172],
            "reg_mean":[0.4048094369863972,0.3997392847799934],
            "reg_std":[0.6968599580482511,0.6942950877813826]
        }
    },
    "losses": {
        "fct":"PixorLoss",
        "classification": "FocalLoss",
        "regression": "smoothL1Loss",
        "weight": [2,100,100]
    },
    "lr_scheduler": {
        "step_size": 10,
        "gamma": 0.9
    },
    "asam": {
        "rho": 0.5,
        "eta": 0.01
    },
    "optimizer": {
        "lr": 1e-4
    },
    "num_epochs":150,
    "dataloader": {
        "mode":"sequence",
        "split":[0.7,0.15,0.15],
        "train": {
            "batch_size": 4,
            "num_workers": 4
    	},
        "val": {
            "batch_size": 4,
            "num_workers": 4
        },
        "test": {
            "batch_size": 1,
            "num_workers": 1
        }
    },
    "output": {
	"dir": ""
    }
}
