{
    "name": "RADDet_RADCube",
    "seed":3,
    "data_mode":"RAD",
    "model": {
        "depths": [2,2,6,2],
        "channels": [32,40,48,56],
        "patch_size": 2,
        "in_chans": 64,
        "embed_dim": 48,
        "drop_rates": [0.0,0.0,0.0],
        "num_heads": [3,6,12,24],
        "DetectionHead": "True",
        "SegmentationHead": "False"
    },
    "dataset": {
        "max_boxes_per_frame": 30,
        "root_dir": "C:\\Users\\James-PC\\James\\RADDet",
        "geometry":{
            "ranges": [256,256,1],
            "resolution": [0.1953125,0.703125],
            "size": 3
        },
        "statistics":{
            "input_mean":[2516.30970426, 2518.57237132, 2521.10763184, 2523.89214801, 2526.89614058, 2530.11040321, 2533.51328009, 2537.10627472, 2540.90335275, 2544.87701397, 2548.9613922, 2553.07956244, 2557.11223957, 2560.97553827, 2564.61372071, 2567.96679311, 2571.02467044, 2573.85933587, 2576.49526822, 2578.89053797, 2580.9707718, 2582.70659293, 2584.04824846, 2584.95062465, 2585.40343019, 2585.41494524, 2584.97393255, 2584.07941448, 2582.71796212, 2580.85971291, 2578.5335691, 2575.79249702, 2572.6719913, 2569.26677958, 2565.63186964, 2561.82324587, 2557.96857455, 2554.19405282, 2550.52056237, 2547.01836782, 2543.71152031, 2540.59435255, 2537.69265663, 2535.02620941, 2532.58890916, 2530.25909936, 2527.92825036, 2525.5945505, 2523.25139225, 2520.91930936, 2518.65695961, 2516.53171481, 2514.63313906, 2513.01475186, 2511.69631455, 2510.59591455, 2509.71413831, 2509.11963585, 2509.00265593, 2509.32106021, 2510.04642994, 2511.17316419, 2512.60682546, 2514.3242402],
            "input_std":[6330.83608943, 6365.04598875, 6399.17604325, 6432.91966692, 6465.98804724, 6498.09856225, 6528.98390051, 6558.37889853, 6586.0251162, 6611.70081635, 6635.22303037, 6656.43553346, 6675.22570544, 6691.48803681, 6705.12691751, 6716.07139105, 6724.25305071, 6729.59001861, 6732.03943516, 6731.60429585, 6728.30664301, 6722.14618132, 6713.12525451, 6701.24561155, 6686.50670979, 6668.92718848, 6648.57210255, 6625.55033667, 6600.02899922, 6572.23862566, 6542.44438625, 6510.95524642, 6478.13421771, 6444.3521513, 6410.0124152, 6375.51226184, 6341.19321157, 6307.35263183, 6274.28252661, 6242.20637587, 6211.35341762, 6181.9738245, 6154.3202446, 6128.66429193, 6105.30069604, 6084.58406357, 6066.86210183, 6052.41980125, 6041.51860561, 6034.37397984, 6031.14435947, 6031.93682261, 6036.77593776, 6045.60414502, 6058.28156725, 6074.62812551, 6094.36877568, 6117.15456404, 6142.55338333, 6170.23717643, 6199.85509599, 6231.04684993, 6263.49841037, 6296.87313761],
            "reg_mean":[0.38584477, 0.69962384],
            "reg_std":[0.67642669, 1.21764073]
        }
    },
    "losses": {
        "fct":"PixorLoss",
        "classification": "FocalLoss",
        "regression": "smoothL1Loss",
        "weight": [2,100,100000]
    },
    "lr_scheduler": {
        "step_size": 10,
        "gamma": 0.9
    },
    "asam": {
        "rho": 0.5,
        "eta": 0.01
    },
    "optimizer": {
        "lr": 1e-4
    },
    "num_epochs":150,
    "dataloader": {
        "mode":"random",
        "split":[0.9,0.1],
        "train": {
            "batch_size": 4,
            "num_workers": 4
    	},
        "val": {
            "batch_size": 4,
            "num_workers": 4
        },
        "test": {
            "batch_size": 1,
            "num_workers": 1
        }
    },
    "output": {
	"dir": "C:\\Users\\James-PC\\James\\T_FFTRadNet\\RADDet\\Test_Models"
    }
}
