{
    "name": "RADDet_RD",
    "seed":3,
    "data_mode":"RD",
    "model": {
        "depths": [2,2,6,2],
        "channels": [32,40,48,56],
        "patch_size": 2,
        "in_chans": 16,
        "embed_dim": 48,
        "drop_rates": [0.0,0.0,0.0],
        "num_heads": [3,6,12,24],
        "DetectionHead": "True",
        "SegmentationHead": "False"
    },
    "dataset": {
        "max_boxes_per_frame": 30,
        "root_dir": "C:\\Users\\James-PC\\James\\RADDet",
        "geometry":{
            "ranges": [256,256,1],
            "resolution": [0.1953125,0.703125],
            "size": 3
        },
        "statistics":{
            "input_mean":[0.26373529, 0.09011058, -0.09650802, -0.03244337, 0.05803764,
               0.10167386, -0.44367625, 0.09326166, -0.13658631, -0.09453858,
               0.21388653, 0.07357559, -0.09078228, -0.16878185, -0.1477279, 0.18839039],
            "input_std":[1665.17263854, 1599.75697798, 1788.70315138, 1581.49715246,
               1597.22705526, 1583.40294687, 2435.81829437, 1839.20800122, 1672.27938495,
               1570.40466104, 1680.54861348, 1546.32361133, 1591.26734432, 1581.07272146, 2037.21999321, 1572.56261203],
            "reg_mean":[0.38584477, 0.69962384],
            "reg_std":[0.67642669, 1.21764073]
        }
    },
    "losses": {
        "fct":"PixorLoss",
        "classification": "FocalLoss",
        "regression": "smoothL1Loss",
        "weight": [2,100,100000]
    },
    "lr_scheduler": {
        "step_size": 10,
        "gamma": 0.9
    },
    "asam": {
        "rho": 0.5,
        "eta": 0.01
    },
    "optimizer": {
        "lr": 1e-4
    },
    "num_epochs":150,
    "dataloader": {
        "mode":"random",
        "split":[0.9,0.1],
        "train": {
            "batch_size": 16,
            "num_workers": 8
    	},
        "val": {
            "batch_size": 4,
            "num_workers": 4
        },
        "test": {
            "batch_size": 1,
            "num_workers": 1
        }
    },
    "output": {
	"dir": "C:\\Users\\James-PC\\James\\T_FFTRadNet\\RADDet\\Test_Models"
    }
}
